product_id,product_name,category,brand
09453a2c-f5de-4e81-aed7-bac9927fe796,Implemented zero administration project 1,Food,BrandC
7896152c-eee8-45a5-ab17-98ee37b4fe5c,Function-based static project 2,Sports,Generic
7655cf42-d956-48e2-b38f-6c070be8626e,Object-based background Graphic Interface 3,Home Goods,BrandA
bf523331-ff09-4a2f-b6c2-b31adda6a3c8,Assimilated reciprocal flexibility 4,Electronics,BrandC
48fd2e16-bd23-47e3-b8b3-155b7fa0953f,Enterprise-wide tangible definition 5,Sports,Generic
2dc2e73b-67ad-477d-9e8a-04335c336100,Realigned object-oriented throughput 6,Books,BrandA
bff27b2a-724e-4e76-928e-80dacdcc52e2,Synergistic upward-trending project 7,Clothing,BrandC
a0432152-70c6-469f-b5e5-6a326529ebc9,Networked impactful access 8,Electronics,BrandD
2dc8060b-8085-47de-b6c8-18ef06ed5d6f,Cross-group tangible system engine 9,Toys,BrandC
8662778e-8d19-4bd0-b9bd-21c984f5d6b0,Business-focused discrete strategy 10,Food,BrandB
0bf74392-6ac4-4840-bc91-a693fbee91d0,Business-focused 4thgeneration forecast 11,Electronics,Generic
012ab050-972e-4e75-86e2-7696a3571705,Operative analyzing middleware 12,Electronics,BrandD
e527ff07-b09e-4e2f-98da-4f94816410b6,Fully-configurable non-volatile data-warehouse 13,Toys,BrandD
01b72f13-4d27-4afc-92c9-45488d72bf39,Decentralized mission-critical data-warehouse 14,Toys,Generic
bfbb5742-9fd0-48a5-bdaa-3aa6561b7a26,User-friendly discrete contingency 15,Electronics,BrandB
a2dff227-a263-49e7-83cb-2bc2b934c8cb,Progressive stable instruction set 16,Beauty,BrandC
22af51e7-273b-4353-a951-883b04d17106,Persevering object-oriented hardware 17,Electronics,Generic
d89ab4b7-ad0c-4898-8ea7-7b1d06864c5e,Reduced motivating process improvement 18,Toys,Generic
a4d51cf4-4967-4752-95dc-2d1ff99774e0,Customer-focused asymmetric functionalities 19,Electronics,BrandB
ea808d79-c435-4ad9-af2f-b646edde89e8,User-centric methodical function 20,Clothing,BrandC
c2300a11-c689-4bc3-873c-2834fc65a715,Ergonomic intermediate structure 21,Beauty,BrandA
0cb01c1d-991f-4c48-8a1d-c8757679f82b,Ameliorated bifurcated adapter 22,Books,Generic
1f9855e3-5de4-4fcd-84ac-131c38b73820,De-engineered zero-defect solution 23,Clothing,BrandA
3b1dd26e-b40a-4766-8671-ca1eac7afafb,Open-source multi-tasking standardization 24,Beauty,BrandB
c5cfd0e0-8f25-49c6-8bd1-c8719e2a8b7e,Inverse reciprocal flexibility 25,Home Goods,BrandB
fc1ea4ea-696d-415e-817a-e9f57e707414,Customizable reciprocal standardization 26,Clothing,BrandB
093c3765-90af-4c4c-9988-0dc95d60a056,Ergonomic content-based task-force 27,Books,BrandC
0dc6fa33-d469-49f5-afb6-d93ddffacbad,Multi-channeled tangible matrix 28,Beauty,BrandA
c563dc3c-514d-41de-bb22-4215dfa09cfd,Progressive neutral core 29,Electronics,BrandB
1c26f812-4d10-40ec-8985-eecc73ddf895,Front-line human-resource customer loyalty 30,Clothing,BrandC
91ed7e5a-e136-4b64-ab7c-7cd4d5062cc4,Robust mission-critical installation 31,Food,BrandB
5b8f03cc-6052-478b-a1cf-cbea5bd48574,Business-focused multimedia strategy 32,Books,BrandA
9502878c-f6ff-46f5-ba74-676140a28862,Right-sized 3rdgeneration projection 33,Electronics,BrandA
ce41d417-c470-4748-8c50-91136c6fff01,Down-sized secondary throughput 34,Books,Generic
282d3424-5d5f-481d-92f6-4987fc8969e5,Customer-focused stable secured line 35,Toys,Generic
3b4477eb-48ea-4eb1-83cd-bc0c7d9e3b38,Digitized object-oriented open architecture 36,Beauty,BrandC
11879748-67e9-4c40-93a0-f96cab2a0547,Progressive national extranet 37,Toys,BrandD
a414f7b1-2f5b-4c86-9332-fa984e69e378,Open-source explicit concept 38,Sports,BrandA
4af311aa-f2dc-4e71-9201-2ae443d6f450,Front-line intangible Local Area Network 39,Books,BrandB
7ac14574-955a-4ab6-971e-026bd8115603,Configurable uniform methodology 40,Clothing,BrandA
b2cc3b6f-b7e2-4057-afb2-2f92f7a263cd,Progressive encompassing analyzer 41,Clothing,BrandD
28c99ffb-a739-4cea-94ff-f57aef6e4fc5,Profit-focused methodical hub 42,Electronics,BrandA
80f1ba9e-3614-403d-b83c-736fe54a0184,Cross-platform methodical software 43,Books,BrandD
1cdc3acc-4060-40c8-8859-e7c58a82fabf,Implemented responsive service-desk 44,Food,BrandB
bf0191c0-bda8-47e3-9e23-3ebddac726f7,Customizable asynchronous focus group 45,Books,Generic
9661ae73-7c0b-4430-9900-f4f1f909ff27,Front-line systemic Local Area Network 46,Sports,BrandB
e48d298b-055b-4f4a-a484-144cccd85b33,Versatile systemic data-warehouse 47,Beauty,BrandB
0a5feec0-977f-41a4-b676-372e4e4e7ee9,Networked background task-force 48,Sports,BrandC
8dd98aad-08af-4ede-85ec-f6520ab801ac,Ameliorated system-worthy parallelism 49,Electronics,BrandD
66ee3638-1bdf-4b67-9600-98e5e0d06e45,Up-sized system-worthy hub 50,Beauty,BrandB
70388c0d-88ef-46e9-836c-1318b4178144,Right-sized transitional contingency 51,Books,Generic
810b26e2-2dfc-4e4f-9a47-2f2a9888dc0a,Cloned global hub 52,Books,Generic
c19f55d3-5199-42c6-bbc1-cb56a2dce65d,Organized zero tolerance installation 53,Food,BrandA
18e34eed-3f25-47bb-8b2d-ac51ba5bb442,Managed dedicated protocol 54,Beauty,Generic
0f4babca-103d-40a5-9047-9e414f499066,Innovative context-sensitive conglomeration 55,Food,BrandA
f248e3a4-1e5c-46b3-b197-3acc16402939,Polarized well-modulated algorithm 56,Home Goods,Generic
9dd86ceb-ab14-4bfd-bb4f-7e744a7a2165,Customer-focused full-range adapter 57,Clothing,BrandB
b39a925c-813a-45d3-8dbc-239c9cc62ce4,Fundamental encompassing migration 58,Books,BrandC
d2c4a82b-7a45-4fb8-893c-2cc7888e1355,Progressive mission-critical approach 59,Clothing,Generic
f9d57093-45e4-4eb9-ba8a-521200c82b00,Managed hybrid circuit 60,Food,BrandA
4cd044e4-181c-45f7-8902-ede0b711b817,Enterprise-wide holistic circuit 61,Beauty,BrandD
15f2b621-e694-4349-9cd2-6e1b8af62f66,Advanced didactic help-desk 62,Toys,Generic
5cc865d8-d5c8-4777-996d-7ddb28f249a4,Cross-platform neutral policy 63,Home Goods,BrandA
e5f55298-83af-4f57-8b98-3d3243282b70,Switchable context-sensitive superstructure 64,Sports,BrandB
16889d6d-4304-48d9-bc40-cde40019f2df,Synergized 24hour moderator 65,Electronics,BrandD
cb8b084c-b1ff-4e79-8d43-52945a7a18dc,Multi-tiered cohesive time-frame 66,Home Goods,BrandB
85f0a806-850e-465a-8520-f9ff9459e2d5,Configurable static attitude 67,Books,BrandB
452925f7-8395-46a3-8c79-03e329e49cfd,Fully-configurable holistic attitude 68,Clothing,BrandD
ef6c309b-de80-4b55-8c3a-0799a29ce4e1,Integrated incremental knowledgebase 69,Sports,Generic
c4223ff8-d782-4650-826e-49a16f40aab8,Stand-alone multi-state conglomeration 70,Clothing,BrandA
1e9626a3-417d-4fa5-acc4-20653371f0a9,Quality-focused intangible infrastructure 71,Electronics,BrandA
5ca096a3-a68d-4eed-bfe3-506dbfa1fcd3,Horizontal foreground attitude 72,Sports,BrandB
738a215d-2a30-4695-828a-e6436e47dcbd,Total coherent data-warehouse 73,Toys,BrandA
579bd8c9-2ddd-48a0-8462-d6eb09df8095,Team-oriented maximized leverage 74,Electronics,BrandD
f88ca2a2-6ca6-4a8f-a5e6-e6a6d54c4b51,Phased responsive benchmark 75,Home Goods,BrandB
81e2b17c-3a92-4bc6-bbb6-3bf45dcc1f0e,Down-sized eco-centric service-desk 76,Clothing,Generic
3a39a87b-8a02-48b5-9c36-20094f356560,Function-based composite protocol 77,Toys,BrandB
107718ad-c06d-4272-b249-ce451a8497be,Diverse asymmetric Graphical User Interface 78,Books,BrandC
f4da4942-2e96-46af-804b-a8dd679df895,Multi-layered real-time attitude 79,Beauty,BrandB
83bfc5d4-628b-4419-9337-82a24dab3969,Robust upward-trending middleware 80,Beauty,BrandA
6ac5c479-6e2e-4cb5-ac7d-2c4ef4af6159,Organic composite leverage 81,Beauty,BrandB
6e76b477-7bd0-4c48-bc1f-927e91d0bd47,Adaptive client-driven website 82,Beauty,BrandA
b1949cc5-fcd7-4dda-aa65-47c4824af984,Open-architected eco-centric hardware 83,Books,BrandA
13599285-12de-484c-b49d-d518d07b3793,Persistent homogeneous knowledge user 84,Home Goods,BrandD
430aea02-044a-4a89-b577-35ef00ddc00e,Triple-buffered directional circuit 85,Electronics,BrandB
4b814206-6503-4d81-9a6b-3ba6e06648cd,Virtual heuristic initiative 86,Books,Generic
a5208a17-3167-4d47-95db-6b54e4a29b6b,Integrated background product 87,Clothing,BrandD
ce884e0a-9556-4c23-8078-c027f76dcbe5,Open-architected bi-directional parallelism 88,Clothing,BrandB
620469ee-7f07-4180-88dc-bbfda92bd559,Organized web-enabled budgetary management 89,Beauty,BrandB
1362ef25-c564-43e5-8ee2-5b87e57c0339,Open-architected fault-tolerant migration 90,Books,BrandA
0fddae96-9831-46a2-901c-d8fbd95956f4,Synergized eco-centric website 91,Electronics,Generic
25342e41-87c0-4b1f-9250-86122aed8cc7,Robust mission-critical service-desk 92,Electronics,BrandB
84e95263-f348-4f37-850c-b7e686fb10aa,Innovative discrete moratorium 93,Beauty,BrandC
68afb1db-2901-4981-85ac-0bb89444e641,Quality-focused bandwidth-monitored project 94,Food,BrandA
7518256c-0bf7-4980-ae74-46edabe87fed,Innovative impactful extranet 95,Electronics,BrandC
c4c5889e-1478-4751-8369-3eccaba24b84,Quality-focused heuristic encryption 96,Home Goods,BrandC
d8bb2fba-23d7-40c1-99fa-3d6cbd95ebd2,Intuitive context-sensitive protocol 97,Sports,BrandC
365a69e8-172f-4cf5-8ade-bc84b93f0de0,Profit-focused background array 98,Sports,BrandD
4e93ba41-5375-48e8-981e-e49beec8606f,Organic optimizing software 99,Electronics,BrandB
b7c4a139-fa42-4ca6-91c7-fc319c797753,Stand-alone attitude-oriented process improvement 100,Home Goods,BrandA
094c5e70-8823-494c-a438-6786f38eeee8,Innovative 6thgeneration knowledgebase 101,Beauty,BrandC
c846d378-e6ed-4a2e-875e-2bfdf17889bf,Persevering asynchronous emulation 102,Home Goods,BrandB
889b6229-970e-46f7-ac97-783e0cc8fc25,Optional bandwidth-monitored challenge 103,Toys,BrandA
61020b57-27d5-4333-80b4-02f99b069cd0,Managed didactic hub 104,Food,BrandB
ff103804-3c45-4914-9fbd-21abe0e5993f,De-engineered bandwidth-monitored solution 105,Clothing,BrandB
12eacc3e-f8cc-4244-bd92-592043fcda95,Vision-oriented system-worthy capacity 106,Sports,BrandD
d9e7a1ee-fea8-4697-b497-1ac13adf327a,Pre-emptive intermediate data-warehouse 107,Sports,BrandD
549a9baa-8810-44cb-ae68-17f9a26ecd89,Extended systematic knowledge user 108,Clothing,BrandB
74da0ca1-dbbe-4ccf-bdfd-dcb7b8a16fa3,Optimized leadingedge initiative 109,Toys,BrandA
c76140f2-46e6-439a-b76b-7ee2f370eb7c,Profound multi-state synergy 110,Home Goods,BrandC
7f95f521-2f4d-455d-bf80-bbcfd96f2c2c,Cross-platform impactful support 111,Toys,BrandD
f91774f5-0d5e-47a6-b2a3-2bfa90ae9df8,Networked scalable knowledge user 112,Home Goods,BrandD
2ec5f185-31fc-4add-92b7-9048f9b0e744,Customizable contextually-based paradigm 113,Books,BrandC
61edbbaa-9884-4edb-b7b1-c5e5ced8a75a,Multi-tiered solution-oriented initiative 114,Beauty,Generic
7ece6892-d25b-4ee1-9a44-c57cb2a7657d,Face-to-face attitude-oriented firmware 115,Food,BrandD
74f2fe8e-2ce8-4706-9d39-b4e5ea963b34,Configurable optimizing system engine 116,Clothing,BrandB
8ffb9915-89cf-47e6-96d4-9f7cbce7cdad,Ergonomic bifurcated moderator 117,Food,BrandC
0c74fa7b-cc98-431c-87b6-11ae91b1ccc6,Innovative uniform superstructure 118,Food,BrandB
930a7d46-f3e0-4e30-a337-6ece8a063b6b,Optional national open architecture 119,Books,BrandB
c627f2ca-2c0d-43cf-95bd-d252ee6c9796,Cross-group hybrid standardization 120,Home Goods,BrandD
13f9b604-c07c-4423-a8f8-1f94b16988d9,Synergistic reciprocal matrix 121,Books,BrandD
1b9b68d2-58ba-4e59-b68b-f8b08dfd83f3,Horizontal motivating pricing structure 122,Beauty,BrandD
784618aa-8e23-45b9-8d03-d1c78304bdd5,Future-proofed web-enabled parallelism 123,Electronics,BrandD
d3fc8a87-0778-46bf-867d-4431f95c19f6,Public-key secondary moderator 124,Beauty,BrandD
048c2cfe-e3b0-4a8b-a18f-711a00e81710,Fundamental explicit knowledge user 125,Food,BrandD
afecbaab-d1ab-4b3f-b98c-4f4c5fca1edf,Compatible well-modulated encoding 126,Food,BrandC
516bcf55-8428-4c76-8da1-04c638e39955,Cross-group user-facing customer loyalty 127,Toys,BrandB
05c3f275-6a39-4b6e-942f-7464a0694701,Vision-oriented multimedia system engine 128,Home Goods,BrandB
8298bf34-db8b-4459-bc94-36c732d395f5,Configurable web-enabled matrices 129,Beauty,Generic
91546459-0e9a-4804-8418-e5b0de5c4e67,Realigned client-server parallelism 130,Food,BrandA
2c640b2f-e663-4508-92f7-33b49f081467,Re-contextualized systematic artificial intelligence 131,Clothing,BrandA
0fb3c178-6472-494e-9ec3-e21dca28489e,Total optimal website 132,Home Goods,BrandA
7d590a58-e67c-400a-b607-a5e938f10b19,Synergistic multimedia project 133,Clothing,Generic
c1d8cc7b-1060-4f3e-b839-6eb1816dcae0,Monitored explicit productivity 134,Toys,BrandC
c6672035-fd75-4ff0-a522-3febad2e0c2a,Up-sized mission-critical toolset 135,Books,BrandC
28c40fce-e077-400b-a458-8bf5b54b20ac,Organic value-added toolset 136,Clothing,BrandD
19a20e3f-36cb-4bf3-8bfe-4200b0a7b5e1,Managed static Graphical User Interface 137,Books,BrandA
ad6fe0c1-5ead-4e56-80c5-b4778f1b66f4,Phased systematic orchestration 138,Beauty,BrandD
5ea337ff-51c2-4ade-95cc-6f8460c76c4d,Intuitive transitional system engine 139,Beauty,Generic
c17017c0-b75b-48e2-97e7-637f238c18cc,Adaptive motivating flexibility 140,Books,Generic
81e9ed0f-6cef-4381-871b-28a4f405f795,Face-to-face coherent emulation 141,Electronics,Generic
359df4a6-4ec9-433d-af14-d0304eb089e0,Enhanced demand-driven concept 142,Toys,BrandA
d28b5662-844f-4470-b8b6-e5925ce9b51e,Enterprise-wide 6thgeneration synergy 143,Clothing,BrandB
a986c6dc-68b8-4419-97d3-8826e3e7b3b2,Organic client-driven system engine 144,Books,BrandB
2ad4599e-4e10-46b1-bce8-30f1992e6151,Distributed logistical throughput 145,Food,BrandD
9b52a816-f83b-42dd-93e7-cc5f9ef776da,Pre-emptive encompassing customer loyalty 146,Home Goods,Generic
a8e5c50e-98aa-42d3-b283-6c8db8af06ee,Digitized analyzing definition 147,Electronics,BrandB
154d0c1d-7494-46a3-bee7-708b483885a7,Stand-alone clear-thinking infrastructure 148,Electronics,Generic
fbd3f1b0-cb1a-47fd-9b88-ea7ccbec526a,Switchable grid-enabled hardware 149,Clothing,BrandC
423b8980-ba30-47f8-87f4-8adb6198e840,Digitized client-driven superstructure 150,Clothing,BrandC
dd7193c0-e46d-45a0-9f28-955940e0230d,Multi-channeled cohesive encryption 151,Beauty,Generic
ec7513a3-00bd-4bdf-9450-cc1657b86db6,Phased heuristic emulation 152,Toys,BrandC
89bbf642-919e-4de2-9a19-f4a05550b4db,Ergonomic multi-tasking budgetary management 153,Electronics,BrandC
b1323634-c410-4375-84e2-189376e3b1d8,User-centric modular database 154,Books,BrandD
cf9ee58d-23bd-4aca-9d59-2652f9373454,Re-engineered maximized focus group 155,Electronics,BrandB
10445a0e-85f1-4435-99a4-31ad3ba119a5,Object-based mobile infrastructure 156,Books,BrandB
7b291e7b-7b5d-445b-af70-bafdba2f807a,De-engineered background collaboration 157,Books,BrandA
3a103458-7648-4475-a9e2-3b20167c9c0d,Ergonomic heuristic extranet 158,Electronics,BrandB
47072a28-a85d-4e90-ac75-51d2c1810647,Pre-emptive dedicated synergy 159,Home Goods,BrandD
f57797d2-8fa8-46fe-a8f1-e26a2484f29f,Polarized next generation parallelism 160,Books,BrandA
c6ae3e54-0b48-4cb1-82ad-d43b78ed6ab6,Right-sized object-oriented knowledge user 161,Toys,BrandA
8bdc6352-e605-4e1d-a978-b232a29d3966,Face-to-face actuating contingency 162,Electronics,BrandB
0370b799-c26e-4cdd-a169-9564582afdc7,Progressive foreground synergy 163,Beauty,BrandA
582524a7-758d-469a-b4b7-5a5eb6a3247b,Innovative modular adapter 164,Clothing,BrandD
8c131af6-b107-4900-be77-6bef1d064317,Customizable eco-centric encoding 165,Sports,Generic
a00c447f-1028-4ca5-ac00-b868b29fa478,Reverse-engineered bottom-line knowledge user 166,Clothing,BrandB
5957b8c9-83e0-49f2-a94e-456febf6fa91,Switchable zero tolerance system engine 167,Food,BrandA
e54a9378-20be-4c8e-844b-05d7f24061d2,De-engineered web-enabled interface 168,Books,BrandB
b23e5aae-21d3-4461-95f5-b328ef6fb424,Synchronized object-oriented forecast 169,Sports,Generic
a42491f5-2bef-448d-8602-ea6a102b3456,Switchable upward-trending hierarchy 170,Electronics,BrandC
4a536f3c-baca-40fe-954e-60e6beb10efd,Programmable client-server adapter 171,Books,BrandC
cef9c357-0b29-40cc-a2ae-8d3cae6a6c42,Exclusive zero-defect utilization 172,Books,BrandD
e40ac30a-c632-46d8-afcf-57189047b163,Phased zero tolerance productivity 173,Toys,BrandD
c9159577-5b93-4f02-b3d5-52dc9f3e22d2,Networked full-range focus group 174,Books,BrandA
3a363d06-555a-47b1-996d-3a3b59ccaf99,Integrated analyzing complexity 175,Sports,BrandC
f9cb4a3e-c759-4b8e-841d-071d391ae932,Grass-roots directional protocol 176,Clothing,BrandB
97c67fbc-1785-48eb-8588-cebe4822c2f8,Team-oriented background instruction set 177,Clothing,Generic
9d409af1-81cf-4508-9224-34d79046b0ee,Object-based multi-tasking utilization 178,Sports,BrandA
301a8931-f288-4b48-88f9-f6f0860c9af2,Advanced system-worthy matrix 179,Sports,BrandC
c4625436-3d0d-4f51-90a0-749f58196e2d,Phased bottom-line customer loyalty 180,Electronics,BrandA
2a0ad112-1412-4811-997b-084b414fa38b,Multi-channeled empowering implementation 181,Beauty,BrandD
1a49061a-598f-437e-86f5-c536fa181bad,Ergonomic asymmetric task-force 182,Sports,Generic
6a3a4c97-90d4-4163-b3a3-e8c04202f607,Enterprise-wide asymmetric structure 183,Clothing,BrandA
17f4b6e6-dd88-4d87-9750-bff7b80b61e6,Inverse stable function 184,Food,BrandA
2c8a8e2d-c2ae-4ea2-8009-3f12e07dcb75,Multi-tiered holistic open architecture 185,Books,BrandB
30916467-ed71-4a9f-9412-59970791d7e9,Balanced modular productivity 186,Beauty,BrandD
6724712e-6194-4a1d-a776-f2595df4827b,Progressive intangible forecast 187,Electronics,BrandB
16729644-bf8d-4361-8d38-0ecb6c83b446,Switchable well-modulated parallelism 188,Toys,BrandB
6e46e5cd-3b7a-4f67-bfd9-7259e70467e1,Integrated well-modulated infrastructure 189,Toys,BrandD
9f306005-b79a-4848-a9b7-e73b313b0441,Up-sized leadingedge access 190,Home Goods,BrandA
0419e9a9-bc00-46fd-b2d9-16157bc39942,Front-line composite info-mediaries 191,Books,BrandA
d3f8d7df-afb2-4fc8-a3be-52c4a82bb308,Cloned bottom-line ability 192,Beauty,BrandA
7b51522a-f6ec-498f-b1fb-671125675907,Object-based multimedia circuit 193,Food,BrandA
c2c95495-fdb5-452f-9156-3b338b8b639d,Horizontal uniform info-mediaries 194,Electronics,BrandB
416b496f-4ec9-4aee-a589-b55d19f7bdef,Horizontal logistical secured line 195,Electronics,BrandC
3292da8d-a911-4ea0-8142-2654d843527b,Reverse-engineered real-time policy 196,Books,BrandC
794ba030-6623-4869-b3b6-a5e5936432a0,Ameliorated multi-state utilization 197,Electronics,BrandB
38fda4f7-7ffb-45a9-ab33-e4b1f92a4696,Virtual coherent focus group 198,Food,BrandA
504b0b90-d627-481a-9a8a-1d12d7f988b6,Down-sized upward-trending pricing structure 199,Electronics,BrandA
306ac3aa-51ad-47f8-ad36-f47e611f51e0,Fundamental real-time contingency 200,Home Goods,BrandC
4dee57d8-1dca-4fde-8489-b05d263873ee,Vision-oriented multi-tasking portal 201,Sports,BrandB
79695906-a373-49ce-8490-352baa415e41,Innovative next generation initiative 202,Toys,BrandD
8a162aeb-60d4-40e6-a25a-284af128b90f,Fully-configurable optimal policy 203,Electronics,Generic
449df653-5a41-4b87-a0a1-dceae4c40b80,Profound bottom-line moderator 204,Books,BrandB
2c8ac1c8-b1dd-4f3b-9041-47fab702559c,Advanced encompassing collaboration 205,Food,Generic
fef899f7-1a67-4f88-bf8e-4b0526296d3a,Ergonomic asymmetric artificial intelligence 206,Books,BrandA
cb2bd6d8-228f-4552-aabb-602098e46744,Automated holistic project 207,Books,BrandD
cb33b09f-64b0-41dc-84e9-9c4fd371f996,Cross-platform object-oriented access 208,Books,BrandB
b6cce41f-6ced-443e-8745-eda55d720f37,Customizable fresh-thinking standardization 209,Electronics,BrandC
6d1dd11d-edfe-4677-87c4-d607951137a0,De-engineered composite knowledge user 210,Home Goods,BrandB
d1c19de5-2722-46e5-a009-b7ec582e39d4,Profit-focused 6thgeneration application 211,Home Goods,BrandB
333f25a4-f7be-4cf4-9936-d8ec442cdb09,Pre-emptive hybrid groupware 212,Toys,BrandC
5a003db2-c2ba-4eac-a93d-38a8cdcecff2,Reverse-engineered tertiary throughput 213,Books,BrandB
fbe712b0-d943-475a-a7c5-a97ca28685f4,Innovative holistic architecture 214,Books,Generic
bdd4b436-346d-47e3-b2d3-07d683e9c9e6,Innovative bifurcated toolset 215,Sports,BrandA
e115d1f2-5a91-43af-8c93-e3d82ca54735,Cross-group non-volatile knowledgebase 216,Sports,BrandD
8bedadea-4e58-4cdc-85e1-49e369e95cab,Programmable background service-desk 217,Beauty,Generic
91197dc7-241c-4084-9f74-53f4df772a22,Optimized motivating pricing structure 218,Toys,BrandA
cbc51609-c5ee-45cb-b348-737b70653eae,Persevering fresh-thinking contingency 219,Beauty,BrandB
895a955f-4a72-44ae-8573-dec5c9d832d5,Total static analyzer 220,Home Goods,BrandC
dc3934cf-ce8f-4ae3-af8e-72ee456d403a,Networked object-oriented concept 221,Clothing,BrandA
68f524c6-b9bf-4749-b88c-ff4f93cb8b76,Open-architected demand-driven structure 222,Toys,BrandD
72f2e4fe-e255-4b20-8d73-4f9016c6d311,Customizable composite focus group 223,Books,BrandB
2c3b72ee-d74b-48ed-94cd-a2836adc6d7f,Enterprise-wide uniform groupware 224,Electronics,BrandA
e3c0cdf9-f195-46f8-9fe7-e2c89fbbea9b,Self-enabling bandwidth-monitored moderator 225,Beauty,BrandC
e3420e38-a308-4943-8eda-1905ae796741,Re-contextualized system-worthy complexity 226,Clothing,BrandA
8f10c645-5304-4605-9709-157694046e9a,Phased impactful challenge 227,Electronics,BrandA
ff03b28b-d0ba-4a79-b29b-cdb055d749a0,Managed reciprocal capacity 228,Electronics,BrandC
fbc85293-2416-48b0-ac92-857794975cf7,Balanced context-sensitive project 229,Toys,BrandA
6ce8a0ec-9ba8-4fc4-8c6d-7afbe63edcc0,Optimized neutral core 230,Sports,BrandA
12e0db90-d371-4313-a5f0-228e0d98ed68,Virtual 3rdgeneration knowledgebase 231,Home Goods,BrandC
76209815-1bc5-455d-9a85-d39b42080f90,Cloned fresh-thinking focus group 232,Home Goods,BrandC
d7a24d35-696a-4461-962d-fbe3888b25c7,Public-key responsive capacity 233,Food,BrandA
edb8751c-5526-45db-b72d-7e2efc9233ad,Programmable demand-driven functionalities 234,Home Goods,BrandD
c05134ce-6b07-4ea9-87b8-d68f245de1e4,Persistent optimal conglomeration 235,Clothing,BrandB
a56a9107-4e2e-4b0a-94f8-d1475e1e6d39,Robust radical hub 236,Beauty,BrandD
e6e55c98-5b31-4c2d-a5db-a2f0a54d12fa,Front-line upward-trending concept 237,Clothing,BrandC
096187fd-a277-4ba6-8266-8961fda7a9be,Synchronized clear-thinking protocol 238,Beauty,BrandA
90af71ba-4e85-46ca-bcd3-c6ab72ee509b,Diverse object-oriented software 239,Beauty,BrandC
7bf8846c-1395-40f7-a3a3-0656c127e358,Virtual web-enabled time-frame 240,Toys,BrandB
128f7e14-d261-478e-a90d-5b7309e6cf90,Optimized 3rdgeneration alliance 241,Books,Generic
0bf6ef02-3f67-45b7-8975-a864b71cdf99,Grass-roots homogeneous website 242,Sports,BrandC
6321c20d-512d-46cf-99f4-0b769e9cfb58,Function-based exuding concept 243,Electronics,BrandD
411c7a13-2387-488f-a731-8e785c2a0fe7,Proactive incremental encoding 244,Electronics,BrandB
dbfeb89a-7715-4a66-a534-b188ac60c777,Synergized encompassing service-desk 245,Sports,Generic
34e71ba7-8961-4f4c-a929-3fef537eb36b,Profound demand-driven groupware 246,Food,BrandA
151ce2dd-a95d-4a3f-80cc-adca0ce08b92,Reverse-engineered tertiary standardization 247,Food,BrandD
fcac8a5b-9dd7-4cf4-9097-a8e82ea2bd51,Mandatory explicit pricing structure 248,Clothing,BrandB
979c3f76-f5c2-489a-8f05-1cad2fc8bb6f,Team-oriented interactive capacity 249,Clothing,BrandA
15baef27-8189-4205-98d3-3ba38968bae0,Seamless optimal process improvement 250,Beauty,BrandD
02e344f0-9afd-4f64-879a-08c07783fb5b,Synergized dedicated Graphic Interface 251,Electronics,BrandA
8bea9496-3093-4e94-a5e5-c6886b56d038,Balanced full-range hardware 252,Beauty,BrandD
1c8d0dd0-2e1e-422a-bd44-7606c5416178,Programmable regional model 253,Toys,BrandA
8a357302-22c8-442f-98b6-db91b057bcae,Vision-oriented explicit archive 254,Sports,BrandB
7b635d45-f191-47c5-b66c-fe385b8092c8,Organic incremental help-desk 255,Sports,BrandC
dc3c7712-582a-4a78-a940-b1cb2b7fa143,De-engineered client-server capacity 256,Clothing,BrandC
3b0eea64-a8e3-46bc-8df7-944305bda7eb,Team-oriented solution-oriented intranet 257,Electronics,Generic
f8e0cd1c-7720-42b3-bcd1-69afbbef5c94,Organic well-modulated monitoring 258,Beauty,BrandD
47334320-966d-42e7-8ca0-29b6698c51d9,Synergistic modular matrices 259,Electronics,BrandB
afc74481-9a2d-45b9-831f-d3dc515e75d1,Business-focused well-modulated utilization 260,Home Goods,BrandC
a59fc887-b91b-4674-a95a-9bda6e830bf7,Diverse contextually-based hardware 261,Food,BrandB
357fbc13-3019-4d6e-912c-31cc72ba8d39,Secured 3rdgeneration parallelism 262,Books,BrandB
25ab8cc8-a33e-4829-81cc-4a0d08e3e83b,Multi-layered disintermediate benchmark 263,Books,Generic
de676997-e349-49e4-8fb8-34a6bf49aadf,Pre-emptive client-server flexibility 264,Books,Generic
e3ed4a6a-dabb-4da4-980b-227bfaa5e9d0,Decentralized foreground extranet 265,Electronics,Generic
38b57acc-abb0-4ea0-bc9b-b37b3a5fd1b0,Balanced background neural-net 266,Sports,BrandA
744eb854-4d9c-4cb2-b08e-dfc5abe109a7,Open-architected upward-trending adapter 267,Sports,BrandB
a5a97cda-ab75-4d07-bc39-9b9e00c77926,Open-architected analyzing circuit 268,Beauty,BrandA
54eca42d-0ac8-49d2-85fb-3cef001dd4a4,Implemented zero administration adapter 269,Sports,Generic
1c0f95f9-ef69-445c-b773-243ded8f144a,Operative bi-directional emulation 270,Sports,BrandD
67b755ad-3222-4179-9f4a-db29dc2baf6d,Multi-lateral grid-enabled task-force 271,Toys,BrandD
61ed3221-917c-45a3-ae92-5aca505b089c,Devolved grid-enabled circuit 272,Electronics,BrandD
3b8d0a11-a25b-4128-be61-933e163708b5,Pre-emptive zero tolerance hardware 273,Food,Generic
cb8b2047-fe64-49ea-a094-2619bafd1f31,Cross-group stable approach 274,Sports,BrandB
137e7123-5141-47c6-97e9-aa78788f8afb,Universal needs-based task-force 275,Beauty,BrandC
4faf07ae-b3ef-4093-a72a-1133bae7c484,Realigned analyzing leverage 276,Clothing,Generic
d7450a54-abc5-4ebe-bace-81e162957192,Multi-channeled client-server open architecture 277,Books,Generic
1b5c2fa1-6a77-40d2-8a89-89ed8a259ec2,Sharable asymmetric productivity 278,Toys,BrandB
374c8f67-82ee-45ac-aa6b-be6b06d91545,Open-architected composite application 279,Clothing,BrandD
c523c637-cc78-4c33-a1b0-2d22e66f7e9d,Proactive well-modulated algorithm 280,Sports,Generic
4bd7f7b8-e0b7-4f19-8ed0-18fad2cdfaa2,Versatile multi-state infrastructure 281,Clothing,BrandD
cf2fbe09-bc0c-4256-9ab6-49d51ec66f4c,Multi-tiered optimal infrastructure 282,Beauty,BrandC
45381a7c-4fd4-482f-aca6-8974702168ab,Synergistic clear-thinking initiative 283,Electronics,Generic
aaef6ca7-a53b-4697-a4c8-c2f7a2f025c1,Customer-focused client-server extranet 284,Toys,Generic
7015fbe1-33ac-4a03-9d22-fd1901cc44d6,Synergized logistical intranet 285,Toys,BrandA
deadc011-7e71-4106-9006-8166c75436b7,Optional zero administration matrices 286,Home Goods,BrandB
812c6271-f336-4a5f-b90a-a1a2656036c2,Enhanced hybrid knowledge user 287,Electronics,Generic
44c4c032-df85-4cc4-85c8-39ac4f38fbdc,Balanced 5thgeneration protocol 288,Electronics,BrandD
7ef8c2eb-9608-4d6d-be76-1a0f14100b73,Compatible next generation projection 289,Beauty,BrandA
345334c4-4219-42dc-ace9-33a8100cd5f7,Public-key foreground process improvement 290,Food,BrandA
210e2648-5518-46c0-a4e3-60cfa5fe7773,Future-proofed interactive array 291,Sports,BrandB
2da1b80d-06bc-40a5-998c-f884c8db3a26,Customer-focused directional benchmark 292,Clothing,BrandA
c1d9270c-0fe9-4870-bca6-0bae6b32c985,Sharable 6thgeneration utilization 293,Sports,BrandD
7c008415-e6fe-4ec0-b397-b198403b652e,Digitized impactful contingency 294,Clothing,BrandD
00ff2ea1-c242-409d-b447-28feca20fd16,Synergistic hybrid capacity 295,Clothing,Generic
2d83c6b5-2270-4857-8a37-5c9e474ce9b2,Persevering real-time throughput 296,Books,BrandD
571d2ac9-648c-4d85-b259-05fa083bd9da,Extended full-range customer loyalty 297,Books,BrandA
cc83b5ca-1941-4b5b-8379-0334d19015ac,Compatible bottom-line function 298,Clothing,BrandB
2fc87eb6-06d5-4135-9906-99ab2b4766e1,Function-based multi-state database 299,Toys,Generic
55df1c13-d070-4053-a4dc-d4247c48795d,Synergized grid-enabled methodology 300,Sports,BrandA
05c3908c-c379-43bc-85cc-650f39602380,Vision-oriented 3rdgeneration system engine 301,Books,BrandD
86476653-6002-4093-8b99-66566d4e3c1d,Down-sized maximized core 302,Sports,BrandC
5a025a21-500a-42eb-ba01-c69abb199b82,Horizontal actuating intranet 303,Electronics,BrandA
ab0d19ba-88c7-44a0-b5a5-5391164feffb,Universal even-keeled pricing structure 304,Electronics,BrandA
b7499531-827c-42b5-955e-deed6c742081,Ameliorated cohesive approach 305,Toys,BrandC
bedc52d1-bc43-45f2-8929-dd0964e033e5,Self-enabling human-resource encoding 306,Home Goods,BrandC
90e17cba-afe0-4518-9801-a49737a09f05,Innovative leadingedge encryption 307,Books,BrandA
de4a0caa-d8a9-4b80-9e60-9233e807903b,Profound 6thgeneration throughput 308,Sports,BrandB
40a42283-aff5-475a-8a8f-539101f3960d,Managed exuding database 309,Beauty,BrandB
8e748574-847a-4750-b11c-fd24bfea1a6b,Ameliorated explicit access 310,Electronics,Generic
26ce75be-fd66-498d-a57a-8ca6e94320cc,Reduced impactful interface 311,Home Goods,BrandA
e09b48c6-3134-4146-943d-6bcea1a796ba,Secured motivating monitoring 312,Clothing,Generic
1d63546f-1281-4211-b60c-5c986ee7c1c5,Down-sized 6thgeneration focus group 313,Clothing,BrandC
c923d7e3-50eb-4ab6-9dd6-cb5de451e279,Integrated next generation extranet 314,Home Goods,Generic
19ee52be-eb7f-4c07-bda3-e6eeb13a4dc8,Devolved web-enabled customer loyalty 315,Books,BrandA
b7fbda2e-e5e4-4f69-875f-997c3bb7841d,Public-key context-sensitive support 316,Clothing,BrandB
9eca1494-7536-499b-855c-6034815e25b2,Synergistic interactive moratorium 317,Clothing,BrandB
bbe8aeac-f5ad-495e-a6d2-d335a662b9b9,Sharable scalable customer loyalty 318,Beauty,Generic
f43b92d4-b1c7-42a4-8b6a-b21f8ad44b25,Up-sized executive artificial intelligence 319,Electronics,BrandC
3f7137e3-bd96-4740-835d-0828f5e8e17a,Expanded multi-tasking neural-net 320,Beauty,BrandD
18c3e5ee-b4cc-4116-bfb2-6f84a532b737,Synergized radical Internet solution 321,Beauty,BrandD
6b91f63d-88e6-46a9-828a-d5284a955003,Optimized clear-thinking hardware 322,Electronics,BrandC
4ee394e5-950d-48e8-901d-a29ca6207060,Stand-alone static moderator 323,Sports,BrandA
a07deda6-af19-4f11-bb3e-dad222573110,Secured 24hour Internet solution 324,Beauty,BrandC
4ac12a8c-59f5-4849-ab6a-2f44630271e2,Progressive optimizing superstructure 325,Sports,BrandA
7b8fb803-14b4-4745-af83-416c6b16495c,Versatile real-time utilization 326,Clothing,BrandC
3f9e0f38-b2f2-4b55-87e0-5117cac79301,Integrated full-range capacity 327,Home Goods,BrandA
9f03e9a8-59ef-4f9f-bc22-4814e874c155,Exclusive uniform emulation 328,Toys,BrandC
6dc9bb40-1871-4217-a822-1722061b686f,Virtual actuating hub 329,Food,BrandD
72d6689a-2565-4a25-a46f-682b9b5b0dcc,Virtual 5thgeneration time-frame 330,Books,BrandC
b05338ed-451c-4b00-8207-6aff53932a23,Devolved disintermediate structure 331,Clothing,BrandC
848b8ff9-708f-453f-9aef-6c8ddd159fad,Mandatory leadingedge matrices 332,Sports,BrandD
7e4e16a0-a8a3-4f48-9905-d09e887d4dc1,Adaptive cohesive protocol 333,Sports,Generic
dc7f6796-2993-4846-adba-573ce318d4b0,Horizontal directional hardware 334,Sports,Generic
8d7ba40b-4e76-47c6-abcf-add97bb8712b,Virtual 6thgeneration orchestration 335,Books,BrandB
438bd338-ce0b-4e41-8a4b-b41465e777b0,Enhanced contextually-based policy 336,Electronics,BrandC
6c9a9876-96ed-4f8f-aaac-8d00096e15fb,Secured global Local Area Network 337,Electronics,BrandD
b50f5cda-1ae4-4315-a15b-4d9c46da9784,Upgradable local capacity 338,Sports,BrandC
c360b716-f542-4af7-9396-3fdc5ed92d17,Enhanced scalable help-desk 339,Food,BrandA
2a32d68d-05d0-4088-b88a-da242828dfef,Cloned global strategy 340,Food,Generic
344dd2d3-8f12-469c-904c-bd2be9c1299b,Organic needs-based attitude 341,Beauty,BrandB
0dcd2197-72b6-4ba5-9768-53fc2740aca9,Programmable actuating encryption 342,Electronics,Generic
c5e950c3-efb4-4129-9511-4b925afd1881,Persistent optimizing framework 343,Beauty,BrandD
66bd06f6-4573-4f36-b69d-a404846628b7,De-engineered dedicated functionalities 344,Sports,BrandB
df17f22d-fed1-4101-b7e5-0439d74220ec,Seamless real-time budgetary management 345,Electronics,BrandC
3639bc50-a57b-4f1e-8d0c-3bd466319975,Future-proofed asymmetric framework 346,Beauty,BrandA
efa17c84-acf1-4d11-9101-0d6222463538,Switchable 6thgeneration portal 347,Home Goods,BrandB
31688bae-d3ad-4217-bf00-3dd11bb10908,Sharable web-enabled concept 348,Clothing,BrandC
f3d12276-ff3e-49d1-8702-5b33837f2850,Customizable foreground challenge 349,Toys,BrandC
2631b26c-331e-4769-9048-b35a7dc23c8e,Devolved system-worthy system engine 350,Home Goods,BrandA
374f264f-08a2-43bd-9ae1-ac5866646573,Exclusive hybrid structure 351,Books,BrandB
b8f5461d-19d7-4c2b-abda-2d79830aefc0,Mandatory 24hour matrices 352,Food,BrandB
d54b1a93-7747-440c-8400-b84be9afca08,Team-oriented neutral throughput 353,Clothing,BrandA
4d5607c6-20d4-4a9d-83ad-ab3c89ae0272,Public-key empowering projection 354,Clothing,BrandC
9196c8eb-9adc-4783-a9ec-66d2d53e2cd7,Team-oriented systemic budgetary management 355,Beauty,BrandD
39a32fca-bc96-4159-b12e-dbaaf407e482,Synergized eco-centric flexibility 356,Toys,BrandB
e6570383-c4b9-48c9-9802-abe9c90875eb,Future-proofed executive attitude 357,Electronics,BrandD
db6ba8f7-96ca-4270-bdf8-a3c72feade50,Networked responsive open architecture 358,Toys,Generic
4c2924c6-9ace-4bf4-bab0-b8a6a9165e47,Automated analyzing database 359,Electronics,BrandD
55cc2f7f-fd9f-4e89-9bb2-cf5e86f49eec,Stand-alone 24hour adapter 360,Books,BrandA
56fa09e1-b8fe-4892-8986-73dc6b05a67a,Business-focused interactive Graphic Interface 361,Home Goods,BrandA
c5dbb71b-09c3-4908-b9bd-6b1866fddc59,De-engineered maximized help-desk 362,Clothing,Generic
a9fb1cb3-b5a7-429c-8e0c-81e092826459,Balanced 24/7 circuit 363,Home Goods,BrandC
c213f3c6-f2c0-4068-847a-7e5e0660350e,Extended systemic moratorium 364,Toys,Generic
4bdca81a-3088-49bd-a15f-0c6ffc80ba2b,Ergonomic incremental moderator 365,Sports,BrandD
10c40541-a572-42fb-bf39-5f1d223e20e7,De-engineered mobile task-force 366,Home Goods,BrandA
d3207fb7-0030-4577-819d-19fe3093ce72,Enterprise-wide 3rdgeneration hierarchy 367,Clothing,BrandD
d5c79b01-59f9-4ee4-b7e8-de45633f9837,Multi-lateral zero-defect strategy 368,Electronics,BrandC
6af7c416-4900-4b65-a8ec-f65700a38883,Synergized optimizing Internet solution 369,Electronics,BrandB
2ba5987e-f1cc-423d-9ab5-c82c084d13b0,Synchronized multi-state task-force 370,Sports,Generic
498479bb-a40d-4a37-b037-f3a376a63701,Multi-tiered zero-defect infrastructure 371,Home Goods,BrandD
99b4e762-eeae-4987-8120-a8e0c3e5a36f,Multi-layered explicit algorithm 372,Home Goods,BrandC
df3b09a5-3725-4804-bcfb-9ddce1b31a1c,Ergonomic high-level model 373,Food,Generic
db3c5648-e385-41dd-a954-f3c394c175de,Profit-focused systematic challenge 374,Electronics,BrandB
010682cc-0a72-43c4-b35f-3bf5692ca17c,Decentralized web-enabled interface 375,Electronics,BrandD
0e360265-61cc-43a5-9cb7-7e8e4e7bf40c,Mandatory high-level archive 376,Sports,BrandD
fde2cb23-68ae-4249-aa5c-b1a8495c4959,Business-focused grid-enabled flexibility 377,Home Goods,BrandB
ccffb4ad-0490-464d-b836-1dfa80be4e43,Extended regional moderator 378,Food,Generic
c2b2626a-ab6c-411d-88d0-daf79ed94aa3,Sharable web-enabled time-frame 379,Toys,BrandD
d519fc5e-98bc-467d-87c3-77d0b83b5db4,Synchronized bandwidth-monitored instruction set 380,Toys,BrandA
00a4e154-c147-40b8-8ad2-644d8e685273,Enterprise-wide interactive functionalities 381,Electronics,BrandD
f2e401a1-e039-44c6-bc96-c7cabfc30221,Universal eco-centric structure 382,Home Goods,BrandA
52d1752c-4308-499a-9eb1-695da85162ee,Extended bottom-line pricing structure 383,Books,BrandB
86539455-0c23-4f16-98ae-a284fc7104f2,Cloned client-driven project 384,Clothing,BrandA
c0ef9641-2418-47c6-871f-e2b7d11e5616,Switchable regional service-desk 385,Home Goods,BrandA
260948ab-51b6-489b-a2ff-c381589a4628,Adaptive high-level encryption 386,Toys,BrandA
dbbde36b-ddf2-433b-b6b2-414ffdcad17a,Ameliorated human-resource definition 387,Home Goods,BrandC
8efd493e-abcf-4ec7-9ccc-c9a4b1280e52,Enhanced systematic capability 388,Books,Generic
cf552d3b-818e-43e6-8ed7-9b207f00a1b5,Expanded empowering implementation 389,Electronics,BrandA
5b158b61-3548-4691-93be-d70a76d05673,Organized non-volatile Graphic Interface 390,Home Goods,Generic
28cc9a7c-6d33-456b-95b8-437efcaf5008,Ergonomic discrete time-frame 391,Beauty,BrandA
a3ab46ef-d032-414b-a288-e43ab7f244ef,Open-source attitude-oriented methodology 392,Books,Generic
fc21585f-f5d5-40fa-a3b3-de62c13b20de,Multi-channeled reciprocal instruction set 393,Clothing,BrandC
0d23d32b-a3c4-4ae2-9d63-9e2c13a57692,Synergized asymmetric application 394,Beauty,BrandD
a4edb930-3470-47da-b84f-1d7483cb3c08,Quality-focused even-keeled architecture 395,Electronics,BrandA
ea4cfd61-9580-405a-b83d-39cff44660c1,Advanced hybrid monitoring 396,Food,BrandB
b53f8204-f4bc-4b33-9514-7c3a40ae9fdd,Visionary upward-trending frame 397,Electronics,BrandB
be658b6a-e94c-4187-b76d-7160e9bc594a,Persevering 24/7 moratorium 398,Food,Generic
f743ac91-bb03-4512-9beb-73e2a8a02d59,Synchronized analyzing concept 399,Electronics,BrandD
3c6586dc-1b6d-453a-b206-d9a5eec8728f,Operative disintermediate analyzer 400,Electronics,Generic
789de927-2a9b-4fac-8cab-baf19fa6f313,Organic systemic Graphical User Interface 401,Sports,Generic
e4465ff1-9e1f-4198-b20d-4f37d7e218eb,Quality-focused grid-enabled middleware 402,Toys,BrandC
ecdd6206-2015-46f6-9d26-19ef9bef93ef,Multi-channeled discrete policy 403,Food,BrandB
bb0d98fe-12be-4319-ae1c-57f9df665363,Mandatory object-oriented encryption 404,Books,BrandC
51805df9-040a-4374-8192-505dd0205601,Progressive clear-thinking website 405,Home Goods,BrandC
9b5b2184-0d5c-4b23-b233-c69c7b7a10c5,Horizontal grid-enabled flexibility 406,Electronics,BrandD
cba4cd8c-ca98-48e1-9671-e89558ca7473,Profit-focused regional neural-net 407,Beauty,BrandD
514b67ac-b03c-47e0-aaeb-ee974188a4a8,Balanced even-keeled installation 408,Food,BrandB
2163900f-cd78-4aa3-8680-c0f293977d22,Phased 3rdgeneration conglomeration 409,Beauty,BrandD
9af683f2-487c-4dea-8fa7-96d9ca0d5bd4,Total demand-driven installation 410,Clothing,Generic
f55704b4-9474-499e-a4eb-b16d6ea7a471,Adaptive didactic open system 411,Sports,BrandB
1be6288d-1ef9-4848-9ece-86e1215eb1d7,Adaptive maximized matrices 412,Sports,BrandB
bf0e873e-f775-4cfc-9cd8-e00cf771ecdf,Optimized fault-tolerant task-force 413,Beauty,BrandA
38f5400b-9417-4283-a2c7-5a8fec84684f,Ameliorated modular challenge 414,Food,BrandA
9abe4731-62b2-4d67-bf03-0b249c833fa8,Extended zero tolerance task-force 415,Sports,BrandC
52f5c96c-bba8-465c-85f6-6eb902260223,Configurable motivating contingency 416,Electronics,BrandB
29239fe8-bf82-48cf-954e-bb739e836e8c,User-friendly client-driven product 417,Beauty,BrandD
10147b2c-aa8e-468d-bdda-daf4d22f7543,Profit-focused well-modulated info-mediaries 418,Sports,BrandA
34065839-eecb-4a52-81c1-023563f848a0,Profit-focused 5thgeneration database 419,Toys,BrandA
ff5b3762-9e76-4baa-9244-66fa4b230a1b,Multi-lateral regional superstructure 420,Books,BrandD
0eb52489-c495-4736-8a9f-8bbf1b81b2d4,Fully-configurable demand-driven flexibility 421,Home Goods,BrandD
20dc1d51-ce0d-4bf6-ab39-0e0c6ad8ea18,Right-sized motivating challenge 422,Electronics,BrandA
4fcb620f-f2ca-41bb-bd75-5adc712e7330,De-engineered 5thgeneration paradigm 423,Toys,BrandC
04c453b9-19fd-4ef3-b868-4cf6a3aff446,Profit-focused 5thgeneration data-warehouse 424,Toys,BrandC
6de3a8e6-a710-42bd-9a3a-069eb93fdc31,Reactive scalable database 425,Clothing,BrandD
180b5bea-bad7-4226-9a8e-93b4d5107101,Front-line value-added software 426,Sports,BrandB
120694f4-7f62-4a65-aaba-7964122cd0fe,Open-architected disintermediate application 427,Electronics,Generic
b00cd2ee-30e1-4645-b2bd-707093cbda58,Digitized secondary Internet solution 428,Home Goods,Generic
cda22640-8caf-4504-81ab-df1a784dfde2,Up-sized 24/7 adapter 429,Electronics,Generic
db681fb3-c554-42fe-be28-ba47a8cd66dc,Mandatory uniform artificial intelligence 430,Toys,BrandA
dce9bc6d-4708-4225-93bf-c14b3620e4ba,Reverse-engineered executive approach 431,Books,Generic
d2c17a8e-ef1f-4eed-8be7-6b9d97dfecc6,Reverse-engineered attitude-oriented framework 432,Toys,BrandC
189a1240-833a-445d-8b4e-a06584cb1489,Multi-channeled 24/7 array 433,Beauty,BrandC
4c74425b-eeeb-4fe8-9261-87820d91e24a,Ergonomic didactic policy 434,Food,BrandA
cc50a14d-1e50-4cb6-8a94-37fea6f4aab1,Ergonomic tertiary moratorium 435,Home Goods,BrandD
c9712a83-0197-47e4-a690-47c4af128918,Programmable dynamic intranet 436,Home Goods,BrandA
bca3e3fd-acde-4838-a63e-41b78c1baaea,Vision-oriented radical synergy 437,Books,BrandB
1cd04ef3-d67f-4111-a546-10dd4f426952,Realigned object-oriented implementation 438,Food,BrandD
9b99fcad-6d4d-40fb-9baa-66c878929704,Visionary directional secured line 439,Home Goods,BrandD
20c5d719-ccc6-4dfb-872f-44bf70e9b2f0,Monitored scalable throughput 440,Electronics,BrandA
8aa22a8a-ba24-441f-a5cd-85f1804fb20a,Expanded composite success 441,Books,BrandD
7d429502-9ffb-4826-8b36-b361e6f2a7a0,Devolved neutral solution 442,Home Goods,BrandD
0673d773-ea42-4fbd-8308-2483639065a8,Front-line methodical Local Area Network 443,Electronics,BrandB
385a0082-e767-48f7-bff6-770a086c64a8,Reactive user-facing productivity 444,Electronics,BrandC
f225a45d-33b1-4d59-9fd7-b47e4546a6a1,Configurable leadingedge help-desk 445,Sports,BrandB
2d0b7152-5132-4287-bc66-320355f8528a,Cross-group foreground hub 446,Food,BrandD
5fc00a88-a7db-438d-af20-5bd411809ee6,Devolved multi-tasking implementation 447,Clothing,BrandD
8a46c94f-6fed-4c9c-b62f-15aa6f86b14a,Horizontal interactive pricing structure 448,Books,BrandC
2f5dbe4b-cfa4-4ba1-be06-1424e4332e03,Business-focused static customer loyalty 449,Books,Generic
0fc566fb-ea14-4a34-8d0e-d08211dafa58,Function-based local pricing structure 450,Clothing,BrandB
7b111d77-75da-434e-8a9a-56580abc58ca,Switchable next generation emulation 451,Clothing,BrandB
4ddbe0ae-72fc-40f5-8ee8-ae3c3c3f26b2,Vision-oriented 5thgeneration encryption 452,Books,BrandA
befe5600-363a-4a55-b15f-1e44e6f1f876,Profound client-server approach 453,Toys,BrandB
709da93f-dd3a-44c1-a318-2c5e4aa05b82,Enterprise-wide dedicated leverage 454,Beauty,Generic
67540452-6d17-4a3e-bd77-96aa0482ddde,Re-contextualized actuating open system 455,Toys,BrandD
92b3c551-cbf5-4d0f-925a-22166e5ebdb1,Universal exuding standardization 456,Sports,Generic
dfd516b8-12fb-4c91-8fc8-b5164c3c2ba8,Devolved value-added productivity 457,Food,BrandD
505481de-8a5a-4253-81e9-e0ae13a40a28,Virtual mission-critical database 458,Electronics,Generic
61129dd7-4de9-4ae7-a7f1-9519d2aa71ab,Managed asynchronous toolset 459,Clothing,BrandD
84318664-4498-4590-9921-e7e5909b80f4,Balanced non-volatile structure 460,Toys,BrandA
5e9700fa-3d4e-42b2-a30b-3fcd5d617dfd,Operative multi-state installation 461,Food,Generic
f8760736-ba1a-4745-a123-ea10af2ad97b,Reverse-engineered actuating Graphic Interface 462,Toys,BrandD
6b3436be-08c3-4c4f-b0c4-0e83e1041cee,Compatible clear-thinking neural-net 463,Electronics,BrandB
dd2b6eda-f17b-4815-ae33-7cd4690214a7,Diverse static structure 464,Beauty,BrandB
aa31de58-4628-48aa-873a-26b336b4a957,Function-based empowering flexibility 465,Home Goods,BrandB
c6e7006c-ca40-482d-84b0-c45d938d27d6,Reverse-engineered web-enabled open architecture 466,Clothing,BrandB
eaf06592-1688-4dec-86da-a002b8a4c889,Visionary asymmetric database 467,Toys,BrandC
293d2384-ddb9-4d80-9f05-c2e223827321,Multi-layered reciprocal synergy 468,Clothing,Generic
874518c6-5182-4faa-b7da-22d108d0c675,Digitized methodical challenge 469,Beauty,Generic
eb1d9d4f-8906-4047-a4e1-c3986c8a179a,Devolved bifurcated secured line 470,Books,BrandC
fcfb4815-6514-404f-8d84-5c29e801c638,Automated 3rdgeneration policy 471,Home Goods,BrandD
f4058ba1-ff0e-4f6b-b8dd-da41ee15e0ad,Reactive optimal Internet solution 472,Toys,BrandD
b00c868c-d433-4685-8473-82da3256e8dd,Multi-tiered leadingedge encryption 473,Food,BrandB
65c4e826-cf1a-49c4-8d04-b00a0b504f58,Intuitive asymmetric orchestration 474,Books,Generic
97a80c0f-3f21-4f0a-a213-fd030f34539e,Stand-alone incremental circuit 475,Home Goods,BrandC
98ae3340-5386-46a2-a8d9-a67d11a36a8e,Cloned composite algorithm 476,Food,BrandB
02955ff0-6b50-4a14-bc6a-98dd3df6977c,Networked 6thgeneration forecast 477,Electronics,BrandD
2d83b80d-9619-4020-b78d-4b87dd6927b7,Inverse hybrid core 478,Electronics,BrandA
f22e03b4-3329-4bac-bf93-74840fd4706d,Innovative executive functionalities 479,Clothing,BrandC
b9619f2a-2842-4607-984d-f4f118ab2cb0,Robust heuristic Graphic Interface 480,Books,Generic
03bfaae6-8084-4690-b9f1-0fa41540e5bb,Business-focused well-modulated monitoring 481,Toys,Generic
9107b3d9-be8e-4559-8477-56a9195d96c4,Visionary high-level knowledge user 482,Toys,Generic
17ac4c8e-5d56-4810-8019-08f93e94a3c5,Polarized 3rdgeneration functionalities 483,Toys,BrandC
b35c62ff-9fbd-4aec-800c-0f9a80f5abf6,Focused reciprocal parallelism 484,Toys,BrandB
919c14bc-5c1b-4184-8646-ef42940b2658,Intuitive systemic leverage 485,Food,BrandA
26d25d8c-8735-4284-b780-fa75e5d95b5d,Seamless 5thgeneration standardization 486,Books,Generic
2da91303-1364-4cae-a6c3-85ded83c566f,Front-line attitude-oriented forecast 487,Books,BrandA
afa1e09b-c9d9-4430-a4b7-b8883ed8b9bd,Synergized didactic algorithm 488,Sports,BrandB
55352786-e8fa-4977-a769-92d8819ac8a8,Multi-tiered executive access 489,Food,BrandA
5d3f8b93-0fb1-49b3-9d99-5e5c4856e690,Mandatory 24hour data-warehouse 490,Home Goods,Generic
0a9e7742-9d39-4c37-b642-fbf49921c3a9,Inverse zero-defect interface 491,Books,BrandD
e58c4111-627f-4504-ba4a-a9d03c3ee9f5,Polarized attitude-oriented approach 492,Home Goods,BrandD
e4cf35c1-858f-4039-95b7-9128ae583616,User-centric attitude-oriented matrices 493,Clothing,Generic
9d38035a-451d-4b73-83ec-28c76491aeac,Multi-tiered modular time-frame 494,Sports,Generic
aac25b53-b138-4f2e-ae99-05c7a682d4a9,Business-focused radical portal 495,Books,BrandA
68805049-dd9d-468e-88a8-a119da47b85f,Down-sized motivating complexity 496,Clothing,BrandA
7ecde4dc-57b6-4ef1-aa1f-c5fcce2b6932,Networked asymmetric Graphic Interface 497,Clothing,Generic
85ab5139-8193-42de-af0d-f71c24a334e0,Robust explicit customer loyalty 498,Clothing,BrandB
a482353e-4ff1-4e05-a2f5-d6bd42f5292a,Assimilated analyzing customer loyalty 499,Books,BrandC
e5910dfe-672c-4b9b-b87b-82c4e7302866,Organized 24hour circuit 500,Food,BrandC
